variable,coef,se,z,p_value,ci_lower,ci_upper,model,outcome,n_obs,r2,sig
const,0.3477691856698422,0.011412458425140961,30.4727669284409,5.982856116271097e-204,0.3254011781815052,0.3701371931581792,Multi: RPI_composite (revised),mean_rpi_composite,857.0,0.19172243819728807,***
delta_forecast_1_wind_z,0.007196033486899674,0.004196551298372856,1.714749320397875,0.08639119682460893,-0.0010290559171859254,0.015421122890985274,Multi: RPI_composite (revised),mean_rpi_composite,857.0,0.19172243819728807,.
delta_wind_kt_z,0.0012162823445488174,0.005653905070787723,0.21512252669982668,0.8296717912723368,-0.009865167966203504,0.012297732655301138,Multi: RPI_composite (revised),mean_rpi_composite,857.0,0.19172243819728807,
delta_fc_lag1_z,0.006594102728347179,0.00425413535350761,1.550045351262795,0.12113063126723783,-0.0017438493498863079,0.014932054806580665,Multi: RPI_composite (revised),mean_rpi_composite,857.0,0.19172243819728807,
delta_wind_lag1_z,-0.0009114954417578587,0.005079187583081677,-0.17945693614348268,0.8575789283376287,-0.010866520175320991,0.009043529291805272,Multi: RPI_composite (revised),mean_rpi_composite,857.0,0.19172243819728807,
new_hurricane_warning,0.004858993027302683,0.007637704583844206,0.6361849917029728,0.5246558541651755,-0.010110632881588442,0.01982861893619381,Multi: RPI_composite (revised),mean_rpi_composite,857.0,0.19172243819728807,
warning_lag1,-0.013060677254713347,0.0066193515219167606,-1.9731052522999075,0.04848357200622152,-0.026034367838680593,-8.698667074610172e-05,Multi: RPI_composite (revised),mean_rpi_composite,857.0,0.19172243819728807,*
new_hurricane_watch,0.0014897904885204929,0.004686223824967885,0.31790852169351996,0.7505543283167565,-0.007695039431910095,0.01067462040895108,Multi: RPI_composite (revised),mean_rpi_composite,857.0,0.19172243819728807,
storm_category_z,0.0009477785273166033,0.003038424003062267,0.3119309636710964,0.7550929901179121,-0.005007423088447459,0.006902980143080666,Multi: RPI_composite (revised),mean_rpi_composite,857.0,0.19172243819728807,
log_n_posts,-0.005614881244670472,0.0026772884296671715,-2.0972268741954294,0.035973496594475074,-0.010862270143043926,-0.0003674923462970176,Multi: RPI_composite (revised),mean_rpi_composite,857.0,0.19172243819728807,*
hour_sin,0.008852051293754621,0.0027678695157563786,3.198146171040007,0.0013831415248987552,0.003427126728965799,0.014276975858543442,Multi: RPI_composite (revised),mean_rpi_composite,857.0,0.19172243819728807,**
hour_cos,-0.005233693399267981,0.002549688740907834,-2.052679338970799,0.040103687151823116,-0.010230991503234612,-0.0002363952953013497,Multi: RPI_composite (revised),mean_rpi_composite,857.0,0.19172243819728807,*
storm_Harvey,-0.01957094243826375,0.02076524815425951,-0.9424853627019729,0.3459442016263009,-0.06027008095064923,0.021128196074121728,Multi: RPI_composite (revised),mean_rpi_composite,857.0,0.19172243819728807,
storm_Ian,0.009696980493585644,0.005093986149204131,1.90361343936922,0.05696054721289949,-0.00028704889660033026,0.019681009883771618,Multi: RPI_composite (revised),mean_rpi_composite,857.0,0.19172243819728807,.
storm_Ida,-0.0008341630332097635,0.008466589744430007,-0.09852408802003687,0.9215161455341598,-0.01742837400416876,0.01576004793774923,Multi: RPI_composite (revised),mean_rpi_composite,857.0,0.19172243819728807,
storm_Irma,0.021717045023021294,0.004938707899437213,4.3973131161484655,1.095991813139393e-05,0.012037355409960895,0.0313967346360817,Multi: RPI_composite (revised),mean_rpi_composite,857.0,0.19172243819728807,***
storm_Milton,-0.004835035956045825,0.008148590939022949,-0.5933585318280274,0.5529412347202347,-0.02080598072128022,0.011135908809188574,Multi: RPI_composite (revised),mean_rpi_composite,857.0,0.19172243819728807,
const,0.4057803969849433,0.01076925449490051,37.67952527977583,0.0,0.3846730460345922,0.4268877479352944,Multi: RPI_composite (full),mean_rpi_composite_full,857.0,0.16471279527068006,***
delta_forecast_1_wind_z,0.006885773507724905,0.003892307056592883,1.7690725340030964,0.07688177078603696,-0.0007430081399682513,0.014514555155418062,Multi: RPI_composite (full),mean_rpi_composite_full,857.0,0.16471279527068006,.
delta_wind_kt_z,-0.0007218906958211916,0.005217269022749942,-0.1383656262832876,0.8899514619238497,-0.010947550078067561,0.009503768686425178,Multi: RPI_composite (full),mean_rpi_composite_full,857.0,0.16471279527068006,
delta_fc_lag1_z,0.0059101696303085465,0.004212298064805229,1.4030748867677352,0.16059450899476424,-0.002345782868857468,0.014166122129474561,Multi: RPI_composite (full),mean_rpi_composite_full,857.0,0.16471279527068006,
delta_wind_lag1_z,0.00034966398559872503,0.005105016581513113,0.06849419194150502,0.9453922433790946,-0.009655984654646763,0.010355312625844212,Multi: RPI_composite (full),mean_rpi_composite_full,857.0,0.16471279527068006,
new_hurricane_warning,0.006148282610667836,0.007367004046968223,0.834570277343348,0.40395970301504314,-0.008290779995350706,0.020587345216686377,Multi: RPI_composite (full),mean_rpi_composite_full,857.0,0.16471279527068006,
warning_lag1,-0.006747300334225641,0.00683359652483646,-0.9873717755654466,0.3234604156344245,-0.020140903407783177,0.006646302739331892,Multi: RPI_composite (full),mean_rpi_composite_full,857.0,0.16471279527068006,
new_hurricane_watch,0.003894340180827884,0.004270981307981945,0.911813913479283,0.3618666848087926,-0.0044766293614605,0.012265309723116267,Multi: RPI_composite (full),mean_rpi_composite_full,857.0,0.16471279527068006,
storm_category_z,-0.0025150593165662125,0.0027375051627906827,-0.9187413966380603,0.35823085162344037,-0.007880470843128408,0.0028503522099959837,Multi: RPI_composite (full),mean_rpi_composite_full,857.0,0.16471279527068006,
log_n_posts,-0.002229604827450019,0.0024436506616024906,-0.9124073512160265,0.3615543211625255,-0.007019072114988376,0.002559862460088337,Multi: RPI_composite (full),mean_rpi_composite_full,857.0,0.16471279527068006,
hour_sin,0.006594274600435661,0.002634781116191503,2.5027789063432664,0.012322249381024088,0.0014301985055540714,0.01175835069531725,Multi: RPI_composite (full),mean_rpi_composite_full,857.0,0.16471279527068006,*
hour_cos,-0.005707189752876995,0.0021957114596442024,-2.599243961591292,0.009342934737857462,-0.010010705134221504,-0.001403674371532486,Multi: RPI_composite (full),mean_rpi_composite_full,857.0,0.16471279527068006,**
storm_Harvey,-0.005281275228008552,0.01711864505495569,-0.30851011929122696,0.7576942014404329,-0.0388332029998464,0.028270652543829294,Multi: RPI_composite (full),mean_rpi_composite_full,857.0,0.16471279527068006,
storm_Ian,0.003951495402633517,0.004544000373508264,0.8696071914234254,0.3845151063982126,-0.004954581675179234,0.012857572480446267,Multi: RPI_composite (full),mean_rpi_composite_full,857.0,0.16471279527068006,
storm_Ida,-0.0031703686387033743,0.007429784575024926,-0.4267107083239675,0.6695900500323655,-0.01773247881864346,0.011391741541236712,Multi: RPI_composite (full),mean_rpi_composite_full,857.0,0.16471279527068006,
storm_Irma,0.025050602869854697,0.0044538664917478325,5.6244620076216245,1.8608700199233616e-08,0.016321184954079183,0.03378002078563021,Multi: RPI_composite (full),mean_rpi_composite_full,857.0,0.16471279527068006,***
storm_Milton,0.003220014253655619,0.007056113082531476,0.45634391285866344,0.648142690988299,-0.010609713258947976,0.017049741766259213,Multi: RPI_composite (full),mean_rpi_composite_full,857.0,0.16471279527068006,
const,0.13493326214603846,0.015973970266999264,8.447071071917419,2.987019009329764e-17,0.10362485573260623,0.1662416685594707,Multi: RPI_A (fear),mean_rpi_a,857.0,0.07482452033830067,***
delta_forecast_1_wind_z,0.008475845798443689,0.004449808234668353,1.9047665318268259,0.05681042619602424,-0.0002456180796160407,0.017197309676503417,Multi: RPI_A (fear),mean_rpi_a,857.0,0.07482452033830067,.
delta_wind_kt_z,-0.003831385926874806,0.005583765718264942,-0.686165236901333,0.4926089165267219,-0.014775365632783519,0.007112593779033907,Multi: RPI_A (fear),mean_rpi_a,857.0,0.07482452033830067,
delta_fc_lag1_z,0.009547549649311409,0.005462370458745333,1.7478766263510463,0.08048539301593786,-0.0011584997200449754,0.020253599018667794,Multi: RPI_A (fear),mean_rpi_a,857.0,0.07482452033830067,.
delta_wind_lag1_z,-0.0020796349892390725,0.0062402769314192945,-0.33326004792644326,0.7389379944058836,-0.014310353028377016,0.01015108304989887,Multi: RPI_A (fear),mean_rpi_a,857.0,0.07482452033830067,
new_hurricane_warning,0.008157058594861412,0.007121065185804932,1.1454829273465463,0.2520091636756926,-0.005799972700878283,0.022114089890601107,Multi: RPI_A (fear),mean_rpi_a,857.0,0.07482452033830067,
warning_lag1,-0.005889031358438221,0.0056703707221287805,-1.0385619648211204,0.2990085028026951,-0.01700275375280101,0.005224691035924567,Multi: RPI_A (fear),mean_rpi_a,857.0,0.07482452033830067,
new_hurricane_watch,-0.003992141958315198,0.0052621523836149766,-0.7586519103372468,0.448060811170783,-0.01430577111136215,0.006321487194731755,Multi: RPI_A (fear),mean_rpi_a,857.0,0.07482452033830067,
storm_category_z,0.001958967747138592,0.0031704793281221687,0.6178774703757055,0.536656111178965,-0.004255057549709607,0.008172993043986792,Multi: RPI_A (fear),mean_rpi_a,857.0,0.07482452033830067,
log_n_posts,-0.0038052694600615336,0.0034663839495313385,-1.0977634086310644,0.27230781340814936,-0.010599257157730666,0.0029887182376075985,Multi: RPI_A (fear),mean_rpi_a,857.0,0.07482452033830067,
hour_sin,0.006242148640510987,0.0032614987438204504,1.9138896350452266,0.05563425905255077,-0.00015027143299972418,0.012634568714021698,Multi: RPI_A (fear),mean_rpi_a,857.0,0.07482452033830067,.
hour_cos,-0.003107826448617378,0.0024649285196611196,-1.260818082077546,0.20737439749213005,-0.007938997571618802,0.0017233446743840468,Multi: RPI_A (fear),mean_rpi_a,857.0,0.07482452033830067,
storm_Harvey,0.008830081707562953,0.01659726448091139,0.5320203047748309,0.5947119325029144,-0.023699958916909247,0.04136012233203515,Multi: RPI_A (fear),mean_rpi_a,857.0,0.07482452033830067,
storm_Ian,0.003062383143014925,0.005787387365153929,0.5291477742536548,0.5967029424972499,-0.008280687657268936,0.014405453943298785,Multi: RPI_A (fear),mean_rpi_a,857.0,0.07482452033830067,
storm_Ida,0.0053398685755589766,0.009243420084131147,0.5776940274224167,0.563470712205066,-0.012776901883312267,0.02345663903443022,Multi: RPI_A (fear),mean_rpi_a,857.0,0.07482452033830067,
storm_Irma,0.020075620679166295,0.004924945251807772,4.076313472073065,4.575532700467299e-05,0.010422905359791516,0.029728335998541074,Multi: RPI_A (fear),mean_rpi_a,857.0,0.07482452033830067,***
storm_Milton,0.017418733051603425,0.007708296911401632,2.2597382082984794,0.023837503449029282,0.0023107487231148905,0.03252671738009196,Multi: RPI_A (fear),mean_rpi_a,857.0,0.07482452033830067,*
const,0.6344491335044304,0.025900587016836264,24.495550355365186,1.6475612150181938e-132,0.5836849157729856,0.6852133512358752,Multi: p_likelihood (standalone),mean_p_likelihood,857.0,0.2474399435384972,***
delta_forecast_1_wind_z,0.021099380675094318,0.008431564903434196,2.502427594016443,0.012334485263339379,0.004573817131051355,0.037624944219137285,Multi: p_likelihood (standalone),mean_p_likelihood,857.0,0.2474399435384972,*
delta_wind_kt_z,-0.006721632999763368,0.010302187287501381,-0.6524471757485963,0.5141127394826661,-0.026913549045252467,0.013470283045725732,Multi: p_likelihood (standalone),mean_p_likelihood,857.0,0.2474399435384972,
delta_fc_lag1_z,0.019439335500111978,0.007524661848212876,2.5834164899687635,0.009782714714230934,0.004691269281772142,0.03418740171845182,Multi: p_likelihood (standalone),mean_p_likelihood,857.0,0.2474399435384972,**
delta_wind_lag1_z,-0.011340865986402963,0.00887900422033883,-1.277267777441172,0.2015077255690264,-0.028743394476846214,0.006061662504040286,Multi: p_likelihood (standalone),mean_p_likelihood,857.0,0.2474399435384972,
new_hurricane_warning,-0.009365247204205186,0.020446502156762268,-0.4580366427666856,0.6469261158664965,-0.04943965504127977,0.030709160632869395,Multi: p_likelihood (standalone),mean_p_likelihood,857.0,0.2474399435384972,
warning_lag1,-0.045705026146621905,0.018935609606041428,-2.4137076702320512,0.015791126141607225,-0.08281813899977378,-0.008591913293470026,Multi: p_likelihood (standalone),mean_p_likelihood,857.0,0.2474399435384972,*
new_hurricane_watch,0.02098782373049943,0.010307669269742024,2.0361367037753926,0.041736630011472,0.0007851631972547839,0.04119048426374408,Multi: p_likelihood (standalone),mean_p_likelihood,857.0,0.2474399435384972,*
storm_category_z,0.0056668474534091575,0.006468165976204158,0.8761134878506543,0.3809683410086897,-0.007010524905978353,0.01834421981279667,Multi: p_likelihood (standalone),mean_p_likelihood,857.0,0.2474399435384972,
log_n_posts,-0.008045836531017798,0.005498012825922128,-1.4634081050308116,0.14335574221230082,-0.018821743656364454,0.002730070594328858,Multi: p_likelihood (standalone),mean_p_likelihood,857.0,0.2474399435384972,
hour_sin,0.011416899718806661,0.0063550208578766225,1.796516482657359,0.07241241370258748,-0.0010387122836323561,0.02387251172124568,Multi: p_likelihood (standalone),mean_p_likelihood,857.0,0.2474399435384972,.
hour_cos,-0.005518502613201957,0.005650313528009881,-0.9766719290611914,0.32873159651846917,-0.016592913629460773,0.00555590840305686,Multi: p_likelihood (standalone),mean_p_likelihood,857.0,0.2474399435384972,
storm_Harvey,-0.07654489755638123,0.03608848939445863,-2.121033571666612,0.0339189773491381,-0.14727703702597583,-0.005812758086786621,Multi: p_likelihood (standalone),mean_p_likelihood,857.0,0.2474399435384972,*
storm_Ian,0.021166921535783333,0.01264478098997747,1.6739650574067435,0.0941374668956464,-0.003616393796969236,0.0459502368685359,Multi: p_likelihood (standalone),mean_p_likelihood,857.0,0.2474399435384972,.
storm_Ida,-0.0014727239144659804,0.015789631168818704,-0.09327158428971472,0.9256878061044621,-0.03241983233452172,0.029474384505589757,Multi: p_likelihood (standalone),mean_p_likelihood,857.0,0.2474399435384972,
storm_Irma,0.0337332924405428,0.011200156546995452,3.011859012773538,0.0025965316245422595,0.011781388987221222,0.05568519589386438,Multi: p_likelihood (standalone),mean_p_likelihood,857.0,0.2474399435384972,**
storm_Milton,-0.03936437408302994,0.016930915988139197,-2.324999669870567,0.02007197785311719,-0.07254835964505615,-0.006180388521003728,Multi: p_likelihood (standalone),mean_p_likelihood,857.0,0.2474399435384972,*
const,0.47505216769982367,0.02215640181885597,21.440853599953023,5.5584809348379076e-102,0.4316264181078682,0.5184779172917791,Multi: p_dismissive (standalone),mean_p_dismissive,857.0,0.13132615790766144,***
delta_forecast_1_wind_z,0.012396240822093115,0.006700442858242744,1.8500629114154028,0.06430448271238243,-0.0007363858605312825,0.025528867504717515,Multi: p_dismissive (standalone),mean_p_dismissive,857.0,0.13132615790766144,.
delta_wind_kt_z,-0.012193036878561877,0.008383884114502957,-1.4543422490143458,0.14585144256164395,-0.028625147793545153,0.0042390740364213995,Multi: p_dismissive (standalone),mean_p_dismissive,857.0,0.13132615790766144,
delta_fc_lag1_z,0.0012623423415973262,0.006077281615521383,0.2077149655815361,0.8354515316909857,-0.01064891074873198,0.013173595431926633,Multi: p_dismissive (standalone),mean_p_dismissive,857.0,0.13132615790766144,
delta_wind_lag1_z,-9.188368085300916e-05,0.0075956731390244255,-0.012096845028906882,0.9903483495111407,-0.01497912947167918,0.014795362109973164,Multi: p_dismissive (standalone),mean_p_dismissive,857.0,0.13132615790766144,
new_hurricane_warning,-0.0250607423464488,0.01128563185196108,-2.22058832639433,0.026378857192035244,-0.047180174319070595,-0.00294131037382701,Multi: p_dismissive (standalone),mean_p_dismissive,857.0,0.13132615790766144,*
warning_lag1,0.015830712747997612,0.009378460294398412,1.6879863272922333,0.09141385359728306,-0.0025507316594621868,0.03421215715545741,Multi: p_dismissive (standalone),mean_p_dismissive,857.0,0.13132615790766144,.
new_hurricane_watch,0.033850153528364874,0.007792420937336647,4.343984212425572,1.3992157529138989e-05,0.018577289138809197,0.04912301791792055,Multi: p_dismissive (standalone),mean_p_dismissive,857.0,0.13132615790766144,***
storm_category_z,0.0004630944088413415,0.004076731104319517,0.11359454351813097,0.9095592129946067,-0.0075271517302791125,0.008453340547961796,Multi: p_dismissive (standalone),mean_p_dismissive,857.0,0.13132615790766144,
log_n_posts,-0.005734325352381715,0.004939414475573689,-1.1609322078029705,0.24566946962120317,-0.015415399829221944,0.003946749124458515,Multi: p_dismissive (standalone),mean_p_dismissive,857.0,0.13132615790766144,
hour_sin,-0.0024449306790738034,0.005269439577569119,-0.463983056088422,0.6426598852351789,-0.012772842469819233,0.007882981111671626,Multi: p_dismissive (standalone),mean_p_dismissive,857.0,0.13132615790766144,
hour_cos,-0.0010847880655734303,0.0037448024474755243,-0.2896783156891804,0.7720623469494865,-0.008424465991842905,0.006254889860696045,Multi: p_dismissive (standalone),mean_p_dismissive,857.0,0.13132615790766144,
storm_Harvey,-0.057940647851148386,0.021945954407243506,-2.640151655105254,0.008286893517829486,-0.10095392809570372,-0.014927367606593044,Multi: p_dismissive (standalone),mean_p_dismissive,857.0,0.13132615790766144,**
storm_Ian,-0.018885101523720704,0.009076065964316198,-2.0807585134319297,0.03745601524550946,-0.03667386393509024,-0.0010963391123511614,Multi: p_dismissive (standalone),mean_p_dismissive,857.0,0.13132615790766144,*
storm_Ida,-0.024685345216492512,0.012325104646163315,-2.0028507607176236,0.04519330954475708,-0.048842106428659895,-0.0005285840043251291,Multi: p_dismissive (standalone),mean_p_dismissive,857.0,0.13132615790766144,*
storm_Irma,0.012159731128894064,0.006318055172971268,1.9246003391856359,0.05427937694863682,-0.00022342946246660216,0.024542891720254728,Multi: p_dismissive (standalone),mean_p_dismissive,857.0,0.13132615790766144,.
storm_Milton,-0.0010975333465806931,0.010696023499576863,-0.10261134398443607,0.9182714391707852,-0.022061354183545413,0.01986628749038403,Multi: p_dismissive (standalone),mean_p_dismissive,857.0,0.13132615790766144,
